"SampleID","Responder"
"ipiPD1_19_EDT",0
"ipiPD1_36_EDT",1
"ipiPD1_35_EDT",1
"ipiPD1_33_EDT",1
"ipiPD1_27_EDT",1
"ipiPD1_9_EDT",0
"ipiPD1_4_EDT",0
"ipiPD1_1_EDT",0
"ipiPD1_47_PRE",1
"ipiPD1_35_PRE",1
"ipiPD1_2_PRE",0
"ipiPD1_46_PRE",1
"ipiPD1_12_PRE",0
"ipiPD1_8_PRE",0
"ipiPD1_25_PRE",0
"ipiPD1_32_PRE",1
"ipiPD1_24_PRE",1
"ipiPD1_6_PRE",0
"ipiPD1_45_PRE",1
"ipiPD1_44_PRE",1
"ipiPD1_10_PRE",0
"ipiPD1_14_PRE",0
"ipiPD1_49_PRE",1
"ipiPD1_21_PRE",1
"ipiPD1_15_PRE",0
"ipiPD1_34_PRE",1
"ipiPD1_38_PRE",1
"ipiPD1_17_PRE",1
"ipiPD1_19_PRE",0
"ipiPD1_26_PRE",1
"ipiPD1_36_PRE",1
"ipiPD1_33_PRE",1
"ipiPD1_27_PRE",1
"ipiPD1_23_PRE",1
"ipiPD1_13_PRE",1
"ipiPD1_37_PRE",1
"ipiPD1_50_PRE",1
"ipiPD1_7_PRE",1
"ipiPD1_20_PRE",0
"ipiPD1_1_PRE",0
"PD1_48_EDT",1
"PD1_47_EDT",1
"PD1_17_EDT",0
"PD1_13_EDT",0
"PD1_41_EDT",1
"PD1_25_EDT",1
"PD1_10_EDT",0
"PD1_8_EDT",0
"PD1_29_EDT",0
"PD1_44_PRE",1
"PD1_15_PRE",0
"PD1_35_PRE",1
"PD1_52_PRE",1
"PD1_48_PRE",1
"PD1_38_PRE",1
"PD1_21_PRE",0
"PD1_42_PRE",1
"PD1_6_PRE",0
"PD1_53_PRE",1
"PD1_16_PRE",0
"PD1_19_PRE",0
"PD1_49_PRE",1
"PD1_14_PRE",0
"PD1_2_PRE",0
"PD1_9_PRE",0
"PD1_7_PRE",0
"PD1_47_PRE",1
"PD1_46_PRE",1
"PD1_40_PRE",1
"PD1_34_PRE",1
"PD1_45_PRE",1
"PD1_27_PRE",1
"PD1_50_PRE",1
"PD1_36_PRE",1
"PD1_5_PRE",0
"PD1_13_PRE",0
"PD1_11_PRE",0
"PD1_25_PRE",1
"PD1_23_PRE",0
"PD1_41_PRE",1
"PD1_18_PRE",0
"PD1_17_PRE",0
"PD1_30_PRE",0
"PD1_10_PRE",0
"PD1_4_PRE",0
"PD1_8_PRE",0
"PD1_29_PRE",0
"PD1_12_PRE",0
"PD1_54_PRE",1
"PD1_3_PRE",0
"ipiPD1_13_EDT",1
